{
  "soc_rmse_pct": 26.198583252961626,
  "power_rmse_w": 1.394146460070059,
  "n_segments": 156,
  "n_points": 7183373
}