{
  "method": "Differential Evolution (scipy, 群体智能替代)",
  "E0": 3.6,
  "k": 1e-06,
  "A": 0.36212323845511923,
  "B": 0.4416779250831307,
  "Q0": 2.0,
  "residual_sum_squares": 104.23617753868669,
  "nfev": 8378
}