{
  "method": "Simulated Annealing",
  "E0": 3.6,
  "k": 1e-06,
  "A": 0.36212742462950526,
  "B": 0.44169987634466923,
  "Q0": 2.0,
  "residual_sum_squares": 104.23617751497422,
  "nfev": 140649
}