{
  "method": "Genetic Algorithm (DEAP)",
  "E0": 3.6,
  "k": 1e-06,
  "A": 0.36212500247328105,
  "B": 0.4410186881525814,
  "Q0": 2.0,
  "residual_sum_squares": 104.23619511177586,
  "nfev": 20000
}