{
  "activity_powers_w": {
    "看视频": 1.98,
    "待机": 1.1502,
    "玩游戏": 2.4095,
    "打电话": 1.4693,
    "开导航": 2.5207
  },
  "patterns": {
    "上班族": {
      "activity_mix": {
        "开导航": 0.28099999999999997,
        "待机": 0.4479999999999999,
        "看视频": 0.15799999999999997,
        "玩游戏": 0.11299999999999998
      },
      "avg_power_w": 1.8087,
      "estimated_duration_h": 17.25,
      "Qm_over_Q0_at_25C": 0.9752,
      "Qm_over_Q0_at_minus20C": 0.5101,
      "Qm_over_Q0_at_45C": 0.9559
    },
    "地铁": {
      "activity_mix": {
        "看视频": 0.48818181818181816,
        "待机": 0.5118181818181817
      },
      "avg_power_w": 1.5553,
      "estimated_duration_h": 20.06,
      "Qm_over_Q0_at_25C": 0.9752,
      "Qm_over_Q0_at_minus20C": 0.5101,
      "Qm_over_Q0_at_45C": 0.9558
    },
    "宅家": {
      "activity_mix": {
        "玩游戏": 0.5,
        "看视频": 0.46499999999999997,
        "待机": 0.035
      },
      "avg_power_w": 2.1657,
      "estimated_duration_h": 14.41,
      "Qm_over_Q0_at_25C": 0.9753,
      "Qm_over_Q0_at_minus20C": 0.5101,
      "Qm_over_Q0_at_45C": 0.9559
    },
    "微商": {
      "activity_mix": {
        "看视频": 0.46052631578947373,
        "待机": 0.04605263157894737,
        "开导航": 0.12500000000000003,
        "打电话": 0.368421052631579
      },
      "avg_power_w": 1.8213,
      "estimated_duration_h": 17.13,
      "Qm_over_Q0_at_25C": 0.9752,
      "Qm_over_Q0_at_minus20C": 0.5101,
      "Qm_over_Q0_at_45C": 0.9559
    },
    "持续游戏": {
      "activity_mix": {
        "玩游戏": 1.0
      },
      "avg_power_w": 2.4095,
      "estimated_duration_h": 12.95,
      "Qm_over_Q0_at_25C": 0.9753,
      "Qm_over_Q0_at_minus20C": 0.5101,
      "Qm_over_Q0_at_45C": 0.9559
    }
  },
  "battery_capacity_ah": 8.0,
  "aging_model": "Qm=Q0*F*y(T), dF/dt=-θ₁*D, 365 cycles/year",
  "temperature_conditions": {
    "-20C": {
      "上班族": 0.5101,
      "地铁": 0.5101,
      "宅家": 0.5101,
      "微商": 0.5101,
      "持续游戏": 0.5101
    },
    "25C": {
      "上班族": 0.9752,
      "地铁": 0.9752,
      "宅家": 0.9753,
      "微商": 0.9752,
      "持续游戏": 0.9753
    },
    "45C": {
      "上班族": 0.9559,
      "地铁": 0.9558,
      "宅家": 0.9559,
      "微商": 0.9559,
      "持续游戏": 0.9559
    }
  }
}